{
  "text": {
    "sn": 4,
    "ls": true,
    "bg": 0,
    "ed": 0,
    "pgs": "rpl",
    "rg": [
      1,
      3
    ],
    "ws": [
      {
        "bg": 0,
        "cw": [
          {
            "sc": 0.0,
            "w": "今天"
          }
        ]
      },
      {
        "bg": 0,
        "cw": [
          {
            "sc": 0.0,
            "w": "成都"
          }
        ]
      },
      {
        "bg": 0,
        "cw": [
          {
            "sc": 0.0,
            "w": "天气"
          }
        ]
      },
      {
        "bg": 0,
        "cw": [
          {
            "sc": 0.0,
            "w": "怎么样"
          }
        ]
      },
      {
        "bg": 0,
        "cw": [
          {
            "sc": 0.0,
            "w": ""
          }
        ]
      }
    ]
  }
}